Date,Accident_Index_x,Location_Easting_OSGR,Location_Northing_OSGR,Longitude,Latitude,Police_Force,Accident_Severity,Number_of_Vehicles,Number_of_Casualties,Day_of_Week,Time,Local_Authority_(District),Local_Authority_(Highway),1st_Road_Class,1st_Road_Number,Road_Type,Speed_limit,Junction_Detail,Junction_Control,2nd_Road_Class,2nd_Road_Number,Pedestrian_Crossing-Human_Control,Pedestrian_Crossing-Physical_Facilities,Light_Conditions,Weather_Conditions,Road_Surface_Conditions,Special_Conditions_at_Site,Carriageway_Hazards,Urban_or_Rural_Area,Did_Police_Officer_Attend_Scene_of_Accident,LSOA_of_Accident_Location,Accident_Index_y,Vehicle_Reference,Casualty_Reference,Casualty_Class,Sex_of_Casualty,Age_of_Casualty,Age_Band_of_Casualty,Casualty_Severity,Pedestrian_Location,Pedestrian_Movement,Car_Passenger,Bus_or_Coach_Passenger,Pedestrian_Road_Maintenance_Worker,Casualty_Type,Casualty_Home_Area_Type,city
2015-01-01,201504ED15005,364380.0,425710.0,-2.541339,53.726565,4,2,1,3,5,20:00,70,E06000008,6,0,6,30,0,-1,-1,0,0,0,4,2,2,0,0,1,1,E01012610,201201XD80636,3,1,1,1,45,7,3,0,0,0,0,0,5,2,
2015-01-01,201531C251915,452219.0,338785.0,-1.224363,52.943921,31,3,2,1,5,07:12,346,E06000018,6,0,6,30,3,4,6,0,0,0,1,1,1,0,0,1,2,E01013982,201214K037712,2,1,1,1,27,6,3,0,0,0,0,0,9,1,City of Nottingham
2015-01-01,201531B043415,483034.0,361715.0,-0.759994,53.146118,31,3,1,1,5,18:15,345,E10000024,3,1133,6,30,8,4,6,0,0,0,4,1,-1,0,0,2,2,E01028315,201214B070212,2,3,2,1,48,8,3,0,0,1,0,0,9,1,Newark and Sherwood
2015-01-01,201531B287915,458763.0,379968.0,-1.11946,53.313396,31,3,2,1,5,14:49,341,E10000024,4,6045,6,30,0,-1,-1,0,0,0,1,1,1,0,0,1,1,E01028042,201214C032612,2,4,2,2,33,6,3,0,0,0,0,0,19,1,Bassetlaw
2015-01-01,201531C256515,452749.0,341108.0,-1.2161,52.96475,31,3,1,1,5,08:39,346,E06000018,6,0,6,30,3,4,6,0,0,4,1,1,2,0,0,1,1,E01013861,201214K038912,1,1,1,2,50,8,3,0,0,0,0,0,9,1,City of Nottingham
2015-01-01,201531C251715,456527.0,343659.0,-1.159413,52.987295,31,3,2,1,5,13:30,346,E06000018,3,6514,1,40,1,4,3,611,0,4,1,1,1,0,0,1,2,E01013967,201214K037212,1,1,1,1,55,8,3,0,0,0,0,0,9,1,City of Nottingham
2015-01-01,201531B217615,470397.0,381434.0,-0.944545,53.325155,31,3,2,3,5,14:22,341,E10000024,3,620,6,40,3,2,6,0,0,5,1,1,1,0,0,1,1,E01028013,201214C010712,1,1,1,1,44,7,3,0,0,0,0,0,9,2,Bassetlaw
2015-01-01,201531B177915,458634.0,379793.0,-1.121429,53.311837,31,3,2,1,5,20:51,341,E10000024,4,6045,6,30,0,-1,-1,0,0,0,4,2,2,0,0,1,1,E01028046,201214B119812,1,1,3,1,11,3,3,5,3,0,0,0,0,1,Bassetlaw
2015-01-01,201531B173815,467075.0,367981.0,-0.997244,53.204678,31,3,2,1,5,18:10,345,E10000024,3,6075,6,30,8,4,6,0,0,0,4,1,1,0,0,2,1,E01028302,201214B117212,1,1,1,2,46,8,3,0,0,0,0,0,9,1,Newark and Sherwood
2015-01-01,201531B163715,467045.0,346092.0,-1.002255,53.007952,31,2,2,1,5,11:49,345,E10000024,3,612,1,40,1,4,3,6097,0,0,1,1,1,0,0,2,1,E01028330,201214B114212,3,3,1,1,27,6,3,0,0,0,0,0,3,1,Newark and Sherwood
2015-01-01,201531B157415,462375.0,352272.0,-1.07065,53.06406,31,3,1,1,5,13:10,345,E10000024,3,6097,3,50,0,-1,-1,0,0,0,1,1,1,0,0,2,1,E01028327,201214B111612,2,1,1,1,20,4,2,0,0,0,0,0,3,1,Newark and Sherwood
2015-01-01,201531B081315,464755.0,382762.0,-1.028967,53.337809,31,3,2,2,5,04:20,341,E10000024,3,1,3,60,0,-1,-1,0,0,0,6,1,1,0,0,2,1,E01028036,201214B087312,1,1,3,1,49,8,3,10,9,0,0,0,0,1,Bassetlaw
2015-01-01,201531C263215,459727.0,339556.0,-1.112507,52.95007,31,2,2,1,5,21:39,346,E06000018,3,612,6,60,0,-1,-1,0,0,0,4,1,2,0,0,1,1,E01013917,201214K041912,2,1,1,1,47,8,3,0,0,0,0,0,4,1,City of Nottingham
2015-01-01,201531C194615,456945.0,343287.0,-1.153253,52.983907,31,2,2,1,5,17:59,346,E06000018,6,0,6,30,3,4,6,0,0,0,4,1,1,0,0,1,1,E01013967,201214C145012,1,1,1,2,51,8,3,0,0,0,0,0,9,1,City of Nottingham
2015-01-01,201531B059715,481257.0,353928.0,-0.788524,53.07641,31,3,2,4,5,22:35,345,E10000024,6,0,6,40,8,4,6,0,0,0,4,1,1,0,0,1,1,E01028293,201214B077012,1,1,1,1,29,6,3,0,0,0,0,0,9,1,Newark and Sherwood
2015-01-01,201531C213215,454611.0,338740.0,-1.188779,52.943279,31,3,2,1,5,15:35,346,E06000018,3,52,6,40,0,-1,-1,0,0,0,1,9,-1,0,0,1,2,E01033410,201214K010412,1,1,1,1,52,8,3,0,0,0,0,0,9,1,City of Nottingham
2015-01-01,201501KF60146,541430.0,183320.0,0.037553,51.531081,1,3,1,1,5,01:04,17,E09000025,4,167,6,30,0,-1,-1,0,0,0,4,1,1,0,0,1,1,E01003491,201201HT20806,2,1,1,1,32,6,3,0,0,0,0,0,1,1,London
2015-01-01,201531C156615,458978.0,343250.0,-1.122982,52.983355,31,3,1,1,5,10:50,346,E06000018,4,682,6,30,3,2,6,0,0,4,1,1,1,0,0,1,2,E01013935,201214C126512,2,2,1,1,20,4,3,0,0,0,0,0,9,1,Gedling
2015-01-01,2015320065695,495308.0,372758.0,-0.57325,53.2433,32,3,2,1,5,11:38,352,E10000019,3,46,1,70,1,4,3,57,0,0,1,1,1,0,0,2,2,E01026147,2012160A03121,2,3,2,1,17,4,3,0,0,1,0,0,9,-1,Lincoln
2015-01-01,201531C152915,455052.0,338405.0,-1.182274,52.940223,31,3,2,1,5,10:25,346,E06000018,3,52,1,30,1,2,3,6005,0,5,1,1,1,0,0,1,1,E01013928,201214C124912,1,1,2,1,20,4,2,0,0,2,0,0,8,2,City of Nottingham
2015-01-01,201531C215215,456017.0,341018.0,-1.167465,52.96361,31,3,2,1,5,21:00,346,E06000018,5,183,6,20,0,-1,-1,0,0,0,4,1,1,0,1,1,1,E01013814,201214K012112,2,1,1,1,52,8,3,0,0,0,0,0,19,1,City of Nottingham
2015-01-01,201531C007215,454860.0,341580.0,-1.184594,52.968781,31,3,2,1,5,16:27,346,E06000018,3,610,6,30,3,4,6,0,0,0,4,2,2,0,0,1,1,E01013930,201214C037012,1,1,1,1,34,6,3,0,0,0,0,0,3,1,City of Nottingham
2015-01-01,2015520500587,339989.0,115054.0,-2.85533,50.931799,52,3,1,1,5,13:20,610,E10000027,6,0,6,60,0,-1,-1,0,0,0,1,1,2,0,0,2,1,E01029217,2012370459112,2,1,1,1,20,4,3,0,0,0,0,0,9,1,South Somerset
2015-01-02,2015460251680,553790.0,173060.0,0.211141,51.435669,46,2,2,1,6,14:30,532,E10000016,6,3203,6,30,3,4,6,0,0,0,1,9,1,0,0,1,2,E01024168,201232N113812,1,1,1,2,22,5,3,0,0,0,0,0,9,1,Dartford
2015-01-02,2015160C00061,476016.0,448660.0,-0.843807,53.928499,16,3,1,1,6,13:45,231,E06000011,6,0,6,60,0,-1,-1,0,0,0,1,1,1,0,0,2,2,E01013058,2012100167112,2,1,1,1,56,9,3,0,0,0,0,0,5,2,
2015-01-02,201506F095845,383020.0,398550.0,-2.257344,53.483391,6,3,2,1,6,22:25,107,E08000006,3,6042,6,30,6,2,3,6,0,5,4,1,2,0,0,1,1,E01032687,201204BA12059,2,1,1,2,21,5,2,0,0,0,0,0,1,1,Salford
2015-01-02,201506A096224,389340.0,397350.0,-2.162066,53.472772,6,2,1,1,6,05:55,102,E08000003,3,635,6,30,3,4,6,0,0,0,4,1,1,0,0,1,1,E01033666,201204AM12091,1,1,1,1,37,7,3,0,0,0,0,0,90,1,Manchester
2015-01-02,2015160A00231,525437.0,408345.0,-0.107864,53.556747,16,3,1,2,6,17:05,233,E06000012,6,0,6,30,0,-1,-1,0,0,8,4,1,1,0,0,1,1,E01013211,2012100020712,1,2,2,2,60,9,3,0,0,0,3,0,11,1,
2015-01-02,2015440001209,465709.0,99564.0,-1.069118,50.791928,44,3,2,1,6,09:55,498,E06000044,6,0,6,30,3,4,6,0,0,0,1,1,1,0,0,1,1,E01017025,201230C002281,1,2,2,2,39,7,3,0,0,1,0,0,9,3,Portsmouth
2015-01-02,2015440001094,458637.0,106370.0,-1.168354,50.853882,44,2,2,1,6,07:40,492,E10000014,3,32,6,40,1,4,3,27,0,0,4,1,2,0,0,2,1,E01022721,201230C002280,1,2,3,1,34,6,2,6,9,0,0,0,0,-1,
2015-01-02,2015450020908,499592.0,149621.0,-0.574806,51.237089,45,3,2,3,6,16:30,511,E10000030,5,93,2,30,0,-1,-1,0,0,0,7,9,-1,0,0,1,2,E01030451,201231C235612,1,1,1,1,56,9,3,0,0,0,0,0,9,1,
2015-01-02,201543P003015,440828.0,225107.0,-1.407719,51.922994,43,3,2,2,6,08:50,485,E10000025,4,4030,6,30,3,4,6,0,0,0,1,1,1,0,0,2,1,E01028797,201222F205182,1,1,1,1,51,8,2,0,0,0,0,0,3,3,West Oxfordshire
2015-01-02,201520N003685,410360.0,290630.0,-1.848772,52.513461,20,3,3,1,6,10:20,300,E08000025,6,0,6,30,6,4,6,0,0,1,1,1,1,0,0,1,1,E01009400,2012120054677,1,1,1,1,46,8,2,0,0,0,0,0,1,1,Birmingham
2015-01-02,2015160C00021,474460.0,427475.0,-0.872623,53.738353,16,3,2,2,6,12:11,231,E06000011,3,614,6,60,1,4,3,614,0,0,1,4,1,0,0,2,1,E01013016,2012100167012,1,1,1,2,40,7,3,0,0,0,0,0,9,1,
2015-01-02,201543P005015,465241.0,194886.0,-1.058438,51.648993,43,3,1,1,6,12:55,484,E10000025,6,140,6,30,0,-1,-1,0,0,0,1,1,1,0,0,2,2,E01028601,201222F205196,3,1,2,2,27,6,3,0,0,2,0,0,9,2,South Oxfordshire
2015-01-02,2015520500078,348452.0,134454.0,-2.737676,51.107053,52,2,4,1,6,16:28,606,E10000027,4,3151,6,40,6,4,6,0,0,0,6,1,1,0,0,2,1,E01029074,2012370456812,2,1,1,1,16,4,3,0,0,0,0,0,2,3,Mendip
2015-01-02,201522F500080,333570.0,291220.0,-2.980337,52.514799,22,3,2,2,6,13:20,286,E06000051,3,488,6,30,3,4,6,0,0,0,1,1,1,0,0,2,2,E01028991,2012130347448,1,1,3,1,9,2,3,5,4,0,0,0,0,1,
2015-01-02,201543N005015,486557.0,194032.0,-0.750628,51.638443,43,3,2,1,6,14:20,480,E10000002,3,4128,1,30,2,4,6,3150,0,0,1,1,1,0,0,1,2,E01017858,201222E203719,1,1,1,1,86,11,3,0,0,0,0,0,9,1,
2015-01-02,201522F500096,349360.0,312960.0,-2.751019,52.711919,22,3,2,1,6,16:00,286,E06000051,3,528,6,30,3,4,3,458,0,0,1,1,1,0,0,1,1,E01028946,2012130347472,2,2,2,2,24,5,3,0,0,1,0,0,9,1,
2015-01-02,201501WW50130,527790.0,175160.0,-0.161928,51.460998,1,3,2,1,6,19:30,10,E09000032,3,3,3,30,3,4,3,205,0,0,4,1,1,0,0,1,1,E01004554,201201SX20769,1,1,3,1,-1,-1,3,1,1,0,0,2,0,-1,London
2015-01-02,201543R021015,496875.0,175798.0,-0.606592,51.472862,43,2,2,1,6,09:38,474,E06000040,3,308,1,30,1,4,3,308,0,0,1,1,1,0,0,1,1,E01016596,2012233017612,2,1,1,1,31,6,3,0,0,0,0,0,9,2,
2015-01-02,2015540042215,417277.0,186720.0,-1.752068,51.579081,54,3,3,2,6,12:51,633,E06000030,4,4006,6,30,3,4,6,0,0,0,1,1,1,0,0,1,1,E01015549,20124100D0466,2,1,1,2,21,5,3,0,0,0,0,0,9,1,
2015-01-02,201520W011575,409230.0,286590.0,-1.865534,52.477162,20,3,1,1,6,13:55,300,E08000025,6,0,6,30,8,4,6,0,0,0,1,1,1,0,0,1,1,E01009199,2012120177953,1,1,1,1,82,11,1,0,0,0,0,0,9,2,Birmingham
2015-01-02,201523N025007,428021.0,299178.0,-1.587819,52.589687,23,3,2,2,6,18:44,290,E10000031,3,5,3,70,0,-1,-1,0,0,0,6,1,1,0,0,2,1,E01031017,2012130417518,2,2,2,1,46,8,3,0,0,0,0,0,19,1,North Warwickshire
2015-01-02,2015320000115,499824.0,373091.0,-0.505497,53.245463,32,3,1,1,6,23:09,352,E10000019,6,0,6,30,0,-1,-1,0,0,0,4,1,2,0,0,1,1,E01026153,201214K195812,1,2,3,2,10,2,3,5,3,0,0,0,0,1,Lincoln
2015-01-02,2015471500029,569315.0,107734.0,0.403606,50.844357,47,3,2,1,6,14:00,555,E10000011,3,259,6,40,0,-1,-1,0,0,0,1,1,1,0,0,2,2,E01021125,201234WD20272,1,1,1,2,23,5,2,0,0,0,0,0,9,1,Rother
2015-01-02,201506P095479,388520.0,409790.0,-2.17488,53.584569,6,2,3,1,6,06:00,106,E08000005,3,664,6,30,3,4,6,0,0,0,4,1,1,0,0,1,1,E01005479,201204CL12144,2,1,1,1,68,10,3,0,0,0,0,0,9,1,
2015-01-02,2015555998875,404165.0,109418.0,-1.942163,50.884238,55,3,2,1,6,10:23,647,E10000009,5,76,6,60,0,-1,-1,0,0,0,1,1,2,0,0,2,1,E01020389,201242I061703,3,1,1,2,29,6,3,0,0,0,0,0,9,1,
2015-01-02,201543R020015,486936.0,169123.0,-0.751292,51.414471,43,2,1,1,6,12:28,470,E06000036,6,7002,2,30,0,-1,-1,0,0,0,1,1,1,0,0,1,1,E01016249,2012233017412,1,1,1,2,17,4,3,0,0,0,0,0,9,3,
2015-01-02,201523N025006,428702.0,300583.0,-1.577645,52.602281,23,3,2,1,6,12:00,290,E10000031,4,5000,6,60,3,4,6,0,0,0,1,1,2,0,0,2,1,E01031025,2012130417483,2,1,1,1,44,7,3,0,0,0,0,0,9,1,North Warwickshire
2015-01-02,201543R019015,488765.0,180833.0,-0.722062,51.519452,43,2,2,1,6,15:20,474,E06000040,3,308,3,30,6,2,6,7408,0,4,1,1,1,0,0,1,1,E01016536,2012233014612,1,1,1,1,25,5,3,0,0,0,0,0,9,3,
2015-01-02,2015555998879,367920.0,83286.0,-2.455106,50.648368,55,3,2,1,6,12:25,646,E10000009,6,0,6,30,8,4,6,0,0,0,1,1,1,0,0,1,1,E01020552,201242I061802,1,1,3,1,10,2,3,10,9,0,0,2,0,1,
2015-01-02,2015160C00101,517987.0,469306.0,-0.196896,54.106116,16,3,2,1,6,18:30,231,E06000011,6,0,6,30,0,-1,-1,0,0,0,4,1,2,0,0,1,2,E01012938,2012100168812,1,1,2,2,21,5,3,0,0,1,0,0,9,-1,
2015-01-02,201501JI40010,540520.0,188440.0,0.026487,51.577316,1,3,2,1,6,11:50,14,E09000026,5,0,6,30,3,4,6,0,0,0,1,1,1,0,0,1,1,E01003778,201201GD10281,1,1,1,1,31,6,3,0,0,0,0,0,9,1,London
2015-01-02,201520N007155,408270.0,296520.0,-1.879424,52.566447,20,3,2,1,6,17:10,300,E08000025,4,4138,6,30,0,-1,-1,0,0,0,4,1,1,0,0,1,1,E01009464,2012120056096,2,1,1,2,61,9,3,0,0,0,0,0,1,1,Birmingham
2015-01-02,2015471500031,526101.0,137383.0,-0.199556,51.121863,47,3,2,1,6,16:15,560,E10000032,3,23,1,50,1,4,6,0,0,0,4,1,1,0,0,1,2,E01031572,201234WD20272,1,2,2,2,21,5,3,0,0,2,0,0,9,3,
2015-01-02,2015440001449,428152.0,111050.0,-1.601057,50.898247,44,3,1,1,6,13:55,496,E10000014,6,0,6,30,3,4,6,0,0,0,1,1,1,0,0,2,1,E01022993,201230C002281,2,4,2,2,20,4,3,0,0,2,0,0,9,1,New Forest
2015-01-02,2015440001430,463074.0,153332.0,-1.097155,51.275652,44,3,2,1,6,14:01,490,E10000014,6,0,6,30,6,4,6,0,0,0,1,1,1,0,0,1,1,E01022525,201230C002281,2,3,2,2,18,4,3,0,0,1,0,0,9,1,Basingstoke and Deane
2015-01-02,201506G095695,396980.0,395170.0,-2.046944,53.453278,6,2,2,1,6,18:41,110,E08000008,3,57,6,30,0,-1,-1,0,0,0,4,1,1,0,0,1,1,E01006024,201204BB12043,1,1,1,1,29,6,3,0,0,0,0,0,9,1,Tameside
2015-01-02,2015471500036,529667.0,109310.0,-0.158644,50.868759,47,3,1,1,6,05:50,565,E06000043,3,27,7,70,5,4,3,23,0,0,4,2,2,0,0,2,1,E01016999,201234WD20272,1,3,2,2,18,4,3,0,0,2,0,0,9,2,
2015-01-02,2015450020818,495969.0,158522.0,-0.624299,51.317722,45,3,2,2,6,14:15,518,E10000030,5,11,9,30,6,2,5,12,0,4,1,1,1,0,0,1,1,E01030978,201231C233712,2,2,2,2,21,5,3,0,0,1,0,0,9,1,
2015-01-02,201501KF60014,541220.0,183130.0,0.034451,51.529427,1,3,2,1,6,14:00,17,E09000025,6,0,6,30,3,4,3,124,0,0,1,1,1,0,0,1,1,E01003605,201201HT20720,2,1,1,1,29,6,3,0,0,0,0,0,1,1,London
2015-01-02,2015450020853,500601.0,135789.0,-0.564224,51.112575,45,3,2,1,6,10:45,517,E10000030,5,33,6,30,3,4,6,0,0,0,1,1,1,0,0,2,1,E01030867,201231C233812,1,1,3,1,65,9,2,5,1,0,0,0,0,-1,Waverley
2015-01-02,2015350035315,519350.0,289810.0,-0.243513,52.493152,35,2,1,2,6,16:45,393,E10000003,5,89,6,60,0,-1,-1,0,0,0,6,1,1,0,0,2,1,E01018200,201220G004642,1,1,3,1,35,6,3,1,2,0,0,0,0,1,Huntingdonshire
2015-01-02,2015331500088,442666.0,293521.0,-1.372383,52.537885,33,3,2,1,6,07:37,361,E10000018,6,7725,6,30,6,4,5,7707,0,0,4,1,1,0,0,1,1,E01025852,2012160C00321,1,1,1,1,19,4,2,0,0,0,0,0,9,1,Hinckley and Bosworth
2015-01-02,201543R034015,495960.0,182071.0,-0.618058,51.529405,43,3,1,1,6,14:30,473,E06000039,6,7302,6,30,3,4,6,7302,0,0,1,1,1,0,0,1,1,E01016484,2012233025412,1,1,1,1,23,5,3,0,0,0,0,0,9,3,
2015-01-02,201542I002301,614681.0,221988.0,1.115974,51.855171,42,3,2,1,6,14:24,461,E10000012,6,0,6,30,0,-1,-1,0,0,0,1,1,1,0,0,2,1,E01022018,2012212005251,1,1,1,2,24,5,3,0,0,0,0,0,9,3,
2015-01-02,2015440001238,444438.0,118154.0,-1.368623,50.961104,44,2,1,1,6,10:00,491,E10000014,6,0,6,30,3,4,6,0,0,0,1,1,1,0,0,1,1,E01022677,201230C002281,2,1,1,2,20,4,3,0,0,0,0,0,9,1,Eastleigh
2015-01-02,201501ZD30012,534150.0,168630.0,-0.072904,51.400846,1,3,2,1,6,13:20,20,E09000008,3,213,6,30,3,4,5,0,0,0,1,1,1,0,0,1,1,E01001142,201201VK30157,1,1,1,1,61,9,3,0,0,0,0,0,5,1,London
2015-01-02,2015440001522,448372.0,113367.0,-1.313246,50.917745,44,3,2,2,6,14:18,491,E10000014,3,334,3,40,0,-1,-1,0,0,0,1,1,1,0,0,1,1,E01022702,201230C002281,2,5,2,2,19,4,3,0,0,2,0,0,9,2,Eastleigh
2015-01-02,201501ZD30013,531310.0,167710.0,-0.114047,51.393242,1,3,2,1,6,22:20,20,E09000008,4,266,6,30,3,4,3,235,0,0,4,5,2,0,0,1,2,E01001183,201201VK30159,1,1,1,2,29,6,3,0,0,0,0,0,3,1,London
2015-01-02,2015300011484,437130.0,343550.0,-1.448348,52.988006,30,2,3,3,6,15:24,320,E10000007,4,6179,6,50,0,-1,-1,0,0,0,1,1,1,0,0,2,1,E01019447,2012130489806,2,1,1,1,25,5,3,0,0,0,0,0,9,1,Amber Valley
2015-01-02,2015460251662,621750.0,136070.0,1.164589,51.081076,46,3,1,1,6,13:08,539,E10000016,4,2064,6,30,3,4,3,2034,0,8,1,1,2,0,0,1,1,E01024511,201232N113112,1,2,2,2,19,4,3,0,0,1,0,0,9,1,Folkestone and Hythe
2015-01-02,201550FT2J001,290793.0,64339.0,-3.540167,50.468674,50,2,1,1,6,18:35,587,E06000027,6,0,6,30,0,-1,-1,0,0,4,4,1,1,0,0,1,1,E01015255,2012370111412,1,1,3,1,5,1,3,1,1,0,0,2,0,1,
2015-01-02,2015460251655,565790.0,159320.0,0.377223,51.308849,46,3,1,1,6,11:35,542,E10000016,1,20,3,70,0,-1,-1,0,0,0,1,1,1,0,0,2,1,E01032620,201232N112812,1,1,1,1,19,4,3,0,0,0,0,0,9,2,Tonbridge and Malling
2015-01-02,2015300011477,432370.0,334880.0,-1.520114,52.910379,30,3,2,2,6,18:00,323,E06000015,4,5020,6,40,0,-1,-1,0,0,0,4,1,1,0,0,1,1,E01013543,2012130489754,1,1,1,1,27,6,3,0,0,0,0,0,3,1,Derby
2015-01-02,2015300011474,425560.0,341370.0,-1.620865,52.969084,30,2,1,1,6,16:27,329,E10000007,3,52,6,30,0,-1,-1,0,2,4,4,1,1,0,0,2,1,E01019603,2012130489721,2,1,1,1,54,8,2,0,0,0,0,0,5,1,Derbyshire Dales
2015-01-02,201501ZT80043,529270.0,163920.0,-0.144729,51.35965,1,3,2,1,6,18:02,21,E09000029,6,0,6,30,3,4,6,0,0,0,4,1,1,0,0,1,1,E01004178,201201WW50188,1,1,3,1,12,3,3,5,2,0,0,2,0,-1,London
2015-01-02,201550AP2A001,141707.0,36238.0,-5.61849,50.169756,50,3,1,1,6,15:14,596,E06000052,4,3306,6,60,0,-1,-1,0,0,0,1,1,1,0,0,2,1,E01018991,2012360065844,2,1,1,1,32,6,3,0,0,0,0,0,5,1,
2015-01-02,201501QK50005,522890.0,184620.0,-0.229131,51.547101,1,2,2,1,6,18:36,28,E09000005,3,407,6,30,3,2,5,0,0,5,4,1,2,0,0,1,2,E01000644,201201MM70728,2,1,1,1,26,6,3,0,0,0,0,0,1,1,London
2015-01-02,2015471500048,505945.0,120634.0,-0.492338,50.975384,47,3,2,3,6,14:30,562,E10000032,3,29,6,60,3,4,6,0,0,0,1,1,1,0,0,2,1,E01031664,201234WD20542,1,1,1,1,26,6,2,0,0,0,0,0,5,1,Horsham
2015-01-02,2015555998883,405031.0,101124.0,-1.929964,50.809647,55,3,2,2,6,15:30,647,E10000009,3,31,6,60,3,4,6,0,0,0,1,1,1,0,0,2,1,E01020408,201242I061902,1,1,2,1,18,4,3,0,0,1,0,0,9,1,
2015-01-02,201543N002015,494627.0,196299.0,-0.633436,51.657522,43,2,2,1,6,15:10,478,E10000002,3,404,6,50,0,-1,-1,0,0,0,1,1,1,0,0,2,2,E01017745,201222E203563,1,1,1,1,51,8,3,0,0,0,0,0,19,1,
2015-01-02,201543N230015,487276.0,192692.0,-0.740574,51.626286,43,2,1,1,6,15:00,480,E10000002,3,40,6,30,3,4,6,3045,0,0,1,1,1,0,0,1,1,E01017910,201222F204369,1,1,1,2,66,10,2,0,0,0,0,0,9,-1,
2015-01-02,2015160A00321,527662.0,410017.0,-0.073613,53.571231,16,3,2,1,6,10:15,233,E06000012,6,0,6,30,3,4,4,1213,0,0,1,1,1,0,0,1,2,E01013137,2012100022112,2,1,1,1,41,7,3,0,0,0,0,0,4,1,
2015-01-02,201501ZT80008,523490.0,164960.0,-0.227341,51.370281,1,3,1,1,6,11:50,21,E09000029,3,2043,6,30,3,4,5,0,0,0,1,1,1,0,0,1,1,E01004118,201201WW50167,1,2,2,1,-1,-1,2,0,0,0,4,0,11,1,London
2015-01-02,201506X096226,384290.0,404770.0,-2.23852,53.539338,6,3,2,1,6,18:25,101,E08000002,1,60,7,50,5,4,3,576,0,0,4,1,1,0,0,2,2,E01004969,201204DF12115,1,1,1,1,18,4,3,0,0,0,0,0,2,1,Bury
2015-01-02,2015540033315,387435.0,145327.0,-2.181244,51.207011,54,3,1,1,6,11:00,635,E06000054,6,0,6,30,0,-1,-1,0,0,0,1,1,2,0,0,1,1,E01032108,20124100D0465,1,1,1,1,30,6,2,0,0,0,0,0,19,1,
2015-01-02,2015450021405,510095.0,166377.0,-0.41925,51.38577,45,3,1,1,6,09:59,510,E10000030,6,3809,6,30,0,-1,-1,0,0,1,1,1,2,0,0,1,1,E01030359,201231C255712,2,1,1,1,-1,-1,3,0,0,0,0,0,1,1,Elmbridge
2015-01-02,2015450021515,516500.0,156938.0,-0.330333,51.299656,45,3,2,1,6,20:50,512,E10000030,3,245,6,30,3,4,6,0,0,0,7,1,1,0,0,1,1,E01030549,201231C264312,1,1,1,1,48,8,3,0,0,0,0,0,19,1,Mole Valley
2015-01-02,2015450021517,537310.0,139636.0,-0.038632,51.139536,45,3,2,1,6,19:49,516,E10000030,3,22,6,30,3,4,3,264,0,0,7,1,1,0,0,1,1,E01030823,201231C264712,2,1,1,2,31,6,3,0,0,0,0,0,9,1,
2015-01-02,201501TX20236,513690.0,175480.0,-0.364692,51.466879,1,3,2,1,6,18:10,25,E09000018,3,315,6,30,8,4,6,0,0,0,4,1,1,0,0,1,2,E01033084,201201RG40381,1,1,1,1,25,5,3,0,0,0,0,0,3,1,London
2015-01-02,201501TX20237,511380.0,176420.0,-0.397637,51.475787,1,3,2,1,6,16:00,25,E09000018,6,0,3,40,3,4,3,4,0,0,1,1,1,0,0,1,1,E01002587,201201RG40382,1,1,1,1,18,4,3,0,0,0,0,0,2,1,London
2015-01-02,201522F500275,329050.0,329600.0,-3.055217,52.859193,22,3,2,1,6,11:30,286,E06000051,4,5069,6,30,0,-1,-1,0,0,1,1,1,1,0,0,1,1,E01028906,2012130347979,1,1,1,1,41,7,3,0,0,0,0,0,9,1,
2015-01-02,201550CD2L001,225028.0,123901.0,-4.494371,50.987848,50,3,2,1,6,23:30,588,E10000008,6,0,6,30,0,-1,-1,0,0,0,6,1,1,0,0,2,2,E01020292,2012360067347,1,1,2,1,19,4,3,0,0,1,0,0,9,-1,Torridge