Date,Accident_Index_x,Location_Easting_OSGR,Location_Northing_OSGR,Longitude,Latitude,Police_Force,Accident_Severity,Number_of_Vehicles,Number_of_Casualties,Day_of_Week,Time,Local_Authority_(District),Local_Authority_(Highway),1st_Road_Class,1st_Road_Number,Road_Type,Speed_limit,Junction_Detail,Junction_Control,2nd_Road_Class,2nd_Road_Number,Pedestrian_Crossing-Human_Control,Pedestrian_Crossing-Physical_Facilities,Light_Conditions,Weather_Conditions,Road_Surface_Conditions,Special_Conditions_at_Site,Carriageway_Hazards,Urban_or_Rural_Area,Did_Police_Officer_Attend_Scene_of_Accident,LSOA_of_Accident_Location,Accident_Index_y,Vehicle_Reference,Casualty_Reference,Casualty_Class,Sex_of_Casualty,Age_of_Casualty,Age_Band_of_Casualty,Casualty_Severity,Pedestrian_Location,Pedestrian_Movement,Car_Passenger,Bus_or_Coach_Passenger,Pedestrian_Road_Maintenance_Worker,Casualty_Type,Casualty_Home_Area_Type,city
2015-01-05,201501BS70184,526680.0,177360.0,-0.177109,51.481019,1,3,2,1,2,13:10,12,E09000020,3,3220,6,30,3,4,6,0,0,1,1,1,1,0,0,1,1,E01002840,201197NE00704,1,1,1,1,26,6,2,0,0,0,0,0,9,-1,London
2015-01-05,201501TX20241,516020.0,175240.0,-0.331242,51.46425,1,3,2,1,2,09:30,25,E09000018,3,310,3,30,0,-1,-1,0,0,0,1,1,1,0,2,1,1,E01002670,201201RG40390,1,1,1,1,-1,-1,3,0,0,0,0,0,1,1,London
2015-01-05,2015521500274,360557.0,174249.0,-2.56919,51.465827,52,3,2,1,2,20:30,601,E06000023,3,432,6,20,3,3,6,0,0,1,7,1,1,0,0,1,1,E01014655,2012400BA0919,2,1,1,1,35,6,3,0,0,0,0,0,5,1,Bristol
2015-01-05,20154100B0014,522000.0,209400.0,-0.23332,51.76999,41,3,2,1,2,18:00,438,E10000015,3,1001,1,30,0,-1,-1,0,0,7,4,1,2,0,0,2,1,E01033311,2012212000253,1,1,2,1,50,8,3,0,0,1,0,0,9,-1,Welwyn Hatfield
2015-01-05,2015460251615,569370.0,171750.0,0.434453,51.419462,46,3,2,1,2,13:10,535,E10000016,3,226,6,50,6,4,6,0,0,0,1,1,1,0,0,2,1,E01024301,201232N109512,4,1,1,2,36,7,3,0,0,0,0,0,9,3,Gravesham
2015-01-05,201514A000815,457784.0,402416.0,-1.130046,53.515255,14,3,2,3,2,10:45,211,E08000017,3,6182,3,40,1,4,3,18,0,0,1,1,1,0,0,1,2,E01007530,2012070095171,2,1,1,1,49,8,3,0,0,0,0,0,1,1,Doncaster
2015-01-05,201550KO2J001,312946.0,95855.0,-3.235503,50.755739,50,2,1,1,2,11:44,580,E10000008,5,807,6,60,0,-1,-1,0,0,0,1,1,2,0,0,2,1,E01019943,2012370418112,2,1,1,2,35,6,3,0,0,0,0,0,9,1,East Devon
2015-01-05,2015331500022,462109.0,305257.0,-1.083561,52.64151,33,3,2,1,2,18:10,364,E06000016,3,47,6,30,8,4,6,6,0,0,4,1,1,0,0,1,1,E01013771,2012160B05031,1,2,2,2,22,5,3,0,0,1,0,0,9,3,Leicester
2015-01-05,201501GD10124,532830.0,183100.0,-0.086436,51.531191,1,3,2,1,2,11:00,4,E09000012,4,101,6,30,6,2,3,1200,0,5,1,1,1,0,0,1,1,E01033709,201201CW11754,1,1,1,1,52,8,3,0,0,0,0,0,1,1,London
2015-01-05,201501GD10019,535450.0,184900.0,-0.047996,51.546745,1,3,1,1,2,12:30,4,E09000012,4,113,6,30,3,2,5,0,0,5,1,1,1,0,0,1,1,E01001731,201201CW11660,1,1,1,1,27,6,3,0,0,0,0,0,3,1,London
2015-01-05,201504EF15004,386720.0,423390.0,-2.202655,53.706765,4,2,2,1,2,14:20,82,E10000017,3,671,6,30,3,4,6,0,0,0,1,1,2,0,0,1,1,E01025369,201201XH30184,2,2,1,1,23,5,3,0,0,0,0,0,9,1,Rossendale
2015-01-05,201501GD10123,533420.0,182560.0,-0.07814,51.5262,1,3,2,1,2,08:10,4,E09000012,6,0,6,30,3,4,3,10,0,4,1,1,1,0,0,1,1,E01033708,201201CW11753,1,1,2,2,45,7,3,0,0,0,4,0,11,-1,London
2015-01-05,201563AC01215,250100.0,211620.0,-4.174497,51.783106,63,3,2,2,2,17:40,751,W06000010,6,0,6,30,0,-1,-1,0,0,0,4,2,2,0,0,2,1,W01000717,201243N030042,1,2,2,1,28,6,3,0,0,2,0,0,9,1,
2015-01-05,2015460251630,563520.0,173500.0,0.351204,51.4369,46,3,1,1,2,08:40,535,E10000016,4,261,6,30,3,4,6,0,1,0,1,8,2,0,0,1,1,E01024283,201232N110612,1,1,1,1,73,10,1,0,0,0,0,0,9,3,Gravesham
2015-01-05,20154100C0015,506170.0,193980.0,-0.46733,51.634619,41,3,2,1,2,18:50,436,E10000015,3,404,3,30,0,-1,-1,0,0,1,4,1,1,0,0,1,1,E01023849,2012212000716,2,1,1,1,20,4,3,0,0,0,0,0,9,1,Three Rivers
2015-01-05,201501PY20010,541660.0,168750.0,0.035033,51.4001,1,3,4,2,2,11:59,19,E09000006,4,265,6,30,0,-1,-1,0,0,0,1,1,1,0,0,1,1,E01000648,201201LX50471,2,2,1,1,58,9,3,0,0,0,0,0,9,-1,London
2015-01-05,2015331500027,458503.0,304938.0,-1.136901,52.639042,33,3,3,1,2,16:00,364,E06000016,3,594,3,30,0,-1,-1,0,0,0,4,1,1,0,0,1,2,E01013607,2012160B05071,1,1,2,1,18,4,3,0,0,1,0,0,9,2,Leicester
2015-01-05,2015051500040,341014.0,400302.0,-2.890618,53.496096,5,3,2,1,2,17:30,90,E08000011,6,0,6,30,0,-1,-1,0,0,0,1,1,1,0,0,1,2,E01006495,201201ZD30639,2,7,2,2,57,9,3,0,0,0,3,0,11,-1,Knowsley
2015-01-05,20154100B0181,523490.0,216170.0,-0.209328,51.830503,41,3,2,1,2,17:24,438,E10000015,2,1,3,70,0,-1,-1,0,0,0,1,9,1,0,0,2,1,E01023968,2012212000363,2,2,1,1,41,7,3,0,0,0,0,0,9,1,Welwyn Hatfield
2015-01-05,201506X095916,370360.0,405450.0,-2.448771,53.544845,6,3,3,1,2,20:39,100,E08000001,1,61,3,70,0,-1,-1,0,0,0,6,1,2,0,0,1,1,E01004833,201204DF12109,2,1,1,2,35,6,3,0,0,0,0,0,9,1,Bolton
2015-01-05,2015460251780,573960.0,158750.0,0.494045,51.301292,46,3,2,1,2,07:44,536,E10000016,5,349,6,30,8,4,6,0,0,0,1,1,1,0,0,1,1,E01024335,201232N126312,1,1,1,2,44,7,3,0,0,0,0,0,19,3,
2015-01-05,201506X095929,375310.0,397740.0,-2.373462,53.475804,6,3,3,1,2,17:13,107,E08000006,1,60,3,70,0,-1,-1,0,0,0,4,1,1,0,0,1,1,E01005605,201204DF12110,2,1,1,1,40,7,3,0,0,0,0,0,1,1,Salford
2015-01-05,2015460251632,631660.0,155670.0,1.318443,51.253111,46,3,2,1,2,16:30,533,E10000016,3,256,6,60,0,-1,-1,0,0,0,6,1,2,0,0,2,1,E01024200,201232N110612,1,2,2,1,45,7,2,0,0,1,0,0,9,2,
2015-01-05,2015460251959,571660.0,158750.0,0.461085,51.30199,46,3,2,2,2,20:17,542,E10000016,1,20,3,70,0,-1,-1,0,0,0,6,1,1,0,0,1,1,E01024735,201232N149612,3,3,2,1,20,4,3,0,0,2,0,0,9,1,Tonbridge and Malling
2015-01-05,201522F500125,333790.0,326880.0,-2.984275,52.83535,22,3,2,1,2,17:20,286,E06000051,3,5,6,30,3,4,4,5009,0,0,6,1,2,0,0,2,2,E01028922,2012130347472,3,4,2,2,45,7,2,0,0,1,0,0,9,1,
2015-01-05,2015460251828,575350.0,158290.0,0.513738,51.296734,46,3,2,1,2,18:15,536,E10000016,3,229,1,30,1,4,1,20,0,0,1,1,1,0,0,2,1,E01024335,201232N131912,2,2,2,2,1,1,3,0,0,0,0,0,1,-1,
2015-01-05,201514A001415,456591.0,398277.0,-1.148781,53.478185,14,3,2,1,2,18:29,211,E08000017,2,1,1,60,1,4,1,18,0,0,6,1,2,0,0,2,1,E01007611,2012070095465,1,1,1,2,18,4,3,0,0,0,0,0,2,1,Doncaster
2015-01-05,2015521500092,359120.0,174010.0,-2.589848,51.463576,52,3,2,1,2,17:15,601,E06000023,3,38,6,20,0,-1,-1,0,0,0,7,1,1,0,0,1,2,E01033367,2012400BA0895,2,1,1,1,13,3,3,0,0,0,0,0,1,1,Bristol
2015-01-05,201501CP00005,531720.0,181720.0,-0.102945,51.51905,48,3,2,1,2,00:02,570,E09000001,4,500,2,30,3,4,6,0,0,0,4,1,1,0,0,1,2,E01032740,201197QB05903,2,1,2,1,73,10,3,0,0,0,4,0,11,-1,
2015-01-05,2015521500444,346284.0,176215.0,-2.774938,51.482325,52,3,1,1,2,16:00,605,E06000024,6,0,6,30,0,-1,-1,0,0,0,4,1,1,0,0,1,1,E01014795,2012400CA0032,1,1,1,2,33,6,3,0,0,0,0,0,9,-1,
2015-01-05,201511NE00265,441480.0,541467.0,-1.356833,54.766426,11,2,2,2,2,16:18,169,E06000047,3,19,3,70,0,-1,-1,0,0,0,4,1,2,0,0,2,1,E01020761,201205EE04691,2,1,1,1,28,6,3,0,0,0,0,0,5,1,
2015-01-05,201504EF15029,385140.0,434130.0,-2.227111,53.803253,4,3,2,1,2,15:50,72,E10000017,6,0,6,20,9,4,6,0,0,0,1,9,2,0,0,1,1,E01024893,201201XH30202,1,3,2,2,-1,-1,3,0,0,1,0,0,9,-1,Burnley
2015-01-05,2015300011519,434840.0,334660.0,-1.483411,52.908248,30,3,2,2,2,19:16,323,E06000015,6,0,6,30,6,4,6,0,0,0,4,1,1,0,0,1,1,E01013566,2012130490286,1,1,1,1,24,5,3,0,0,0,0,0,9,1,Derby
2015-01-05,2015300011514,425120.0,372420.0,-1.624998,53.248207,30,2,2,1,2,09:40,329,E10000007,3,623,6,30,8,4,6,0,0,0,1,1,2,0,0,2,1,E01019606,2012130490284,1,1,3,1,16,4,3,1,1,0,0,0,0,1,Derbyshire Dales
2015-01-05,2015300011508,408800.0,399870.0,-1.868822,53.495462,30,3,3,3,2,07:55,325,E10000007,3,628,6,60,0,-1,-1,0,0,0,1,1,1,0,0,2,1,E01019763,2012130490260,1,1,3,2,19,4,3,5,2,0,0,0,0,1,High Peak
2015-01-05,201511NE01645,436423.0,538401.0,-1.435808,54.739266,11,3,1,1,2,09:08,169,E06000047,3,181,1,60,1,4,5,65,0,0,1,1,2,0,0,2,1,E01020789,201205EE04714,2,1,1,1,30,6,3,0,0,0,0,0,9,1,
2015-01-05,201514A004115,462759.0,404715.0,-1.054571,53.535347,14,3,2,1,2,16:30,211,E08000017,6,0,6,30,0,-1,-1,0,0,0,1,1,2,0,0,1,2,E01007482,2012070097310,1,1,1,1,62,9,2,0,0,0,0,0,9,1,Doncaster
2015-01-05,2015405BA0002,500273.0,243720.0,-0.538088,52.082764,40,2,2,2,2,21:43,420,E06000055,5,70,6,60,0,-1,-1,0,0,0,6,1,1,0,0,2,1,E01017551,201220T032032,2,4,2,1,21,5,3,0,0,2,0,0,8,-1,
2015-01-05,201501XD80117,518610.0,180680.0,-0.29215,51.512605,1,3,2,1,2,16:05,27,E09000009,3,406,6,30,0,-1,-1,0,0,0,1,1,1,0,0,1,2,E01001235,201201TA00636,2,1,1,1,48,8,2,0,0,0,0,0,1,-1,London
2015-01-05,201511SJ00195,427376.0,515490.0,-1.578453,54.533949,11,3,2,4,2,12:14,161,E06000005,3,68,1,30,1,4,5,55,0,8,1,1,2,0,0,1,1,E01012313,201205FF01624,2,3,2,1,23,5,3,0,0,2,0,0,9,1,
2015-01-05,201550JS2K001,267839.0,57481.0,-3.861021,50.402303,50,3,1,1,2,04:38,584,E10000008,4,3213,6,60,0,-1,-1,0,0,0,6,1,2,0,0,2,1,E01020160,2012370327712,1,1,1,1,24,5,2,0,0,0,0,0,3,-1,South Hams
2015-01-05,2015521500221,353293.0,176521.0,-2.674053,51.4857,52,2,2,1,2,13:40,601,E06000023,3,4,3,40,0,-1,-1,0,0,4,1,1,1,0,0,1,1,E01014495,2012400BA0912,2,1,2,2,70,10,3,0,0,1,0,0,9,3,Bristol
2015-01-05,201506A096045,384040.0,397990.0,-2.241945,53.47839,6,3,1,1,2,14:32,102,E08000003,6,0,2,20,3,4,3,34,0,0,1,1,2,0,0,1,1,E01033677,201204AM12085,1,1,1,1,7,2,3,0,0,0,0,0,1,1,Manchester
2015-01-05,201506A096020,383470.0,399780.0,-2.250628,53.494461,6,3,2,2,2,08:30,102,E08000003,4,6180,6,30,3,4,3,56,0,0,1,1,1,0,0,1,2,E01033674,201204AM12083,2,1,2,1,29,6,3,0,0,1,0,0,9,1,Manchester
2015-01-05,201522E500128,355460.0,268190.0,-2.654722,52.310005,22,3,1,1,2,20:00,285,E06000019,3,456,6,50,0,-1,-1,0,0,0,6,1,2,0,0,2,1,E01014096,2012130324035,1,4,2,1,16,4,3,0,0,2,0,0,8,1,
2015-01-05,2015460251719,564250.0,173200.0,0.361558,51.433994,46,2,2,3,2,06:44,535,E10000016,4,261,6,30,6,2,6,0,0,4,4,1,2,0,0,1,1,E01024262,201232N116512,1,1,1,1,19,4,3,0,0,0,0,0,3,2,Gravesham
2015-01-05,2015460251544,577620.0,150640.0,0.542468,51.227311,46,3,2,4,2,09:30,536,E10000016,6,342,6,60,0,-1,-1,0,0,0,1,1,2,0,0,2,1,E01024332,201232N103312,1,1,1,2,68,10,3,0,0,0,0,0,9,1,
2015-01-05,2015405CA0008,505428.0,225992.0,-0.468336,51.922478,40,3,2,1,2,17:38,421,E06000032,6,0,6,20,0,-1,-1,0,0,0,4,1,2,0,0,1,1,E01015803,201220T501862,1,1,1,1,18,4,2,0,0,0,0,0,1,1,
2015-01-05,201543R266015,499676.0,177357.0,-0.565838,51.48639,43,3,3,1,2,17:30,474,E06000040,1,4,3,70,0,-1,-1,0,0,0,6,8,1,0,0,2,2,E01016564,201230B000041,1,4,2,1,16,4,3,0,0,2,0,0,9,-1,
2015-01-05,20154100D0064,503960.0,205930.0,-0.495695,51.742439,41,3,3,1,2,06:55,431,E10000015,3,4251,6,30,0,-1,-1,0,0,0,1,1,1,0,0,1,1,E01023378,2012212001435,2,4,2,2,3,1,3,0,0,2,0,0,9,1,Dacorum
2015-01-05,201501ZD30054,534580.0,167800.0,-0.067041,51.393286,1,3,2,1,2,11:05,20,E09000008,3,215,6,30,3,4,6,0,0,1,1,1,1,0,0,1,1,E01001186,201201VK30185,1,1,1,2,17,4,3,0,0,0,0,0,1,1,London
2015-01-05,2015460251583,635010.0,151600.0,1.363695,51.215208,46,3,1,1,2,14:17,533,E10000016,6,3316,6,30,0,-1,-1,0,0,0,1,1,1,0,0,1,1,E01024201,201232N107612,2,3,2,2,39,7,3,0,0,2,0,0,9,-1,
2015-01-05,201501SX20390,522890.0,190420.0,-0.227104,51.599225,1,3,3,3,2,20:20,30,E09000003,3,1,3,50,0,-1,-1,0,0,0,4,1,1,0,0,1,1,E01000240,201201QA10243,1,1,1,1,60,9,3,0,0,0,0,0,9,1,London
2015-01-05,201543S002015,483857.0,239320.0,-0.778668,52.045941,43,3,2,2,2,13:15,479,E06000042,5,144,6,60,1,4,5,156,0,0,1,1,1,0,0,1,1,E01016723,201230B000325,2,2,1,1,57,9,3,0,0,0,0,0,9,2,
2015-01-05,201522F500149,351140.0,313510.0,-2.724756,52.717027,22,3,2,1,2,09:55,286,E06000051,6,0,6,30,1,4,6,0,0,0,1,1,2,0,0,1,1,E01028968,2012130347524,1,1,1,1,21,5,2,0,0,0,0,0,3,1,
2015-01-05,201501ZD30016,532600.0,164850.0,-0.096583,51.367241,1,3,1,1,2,11:58,20,E09000008,3,212,6,30,6,2,3,212,0,5,1,1,1,0,0,1,1,E01001047,201201VK30163,1,1,1,2,17,4,3,0,0,0,0,0,9,1,London
2015-01-05,201543S006015,483830.0,236476.0,-0.779758,52.020382,43,2,2,1,2,06:35,479,E06000042,5,8006,3,70,3,4,6,1056,0,0,4,1,1,0,0,1,1,E01016781,201230B000335,1,1,1,1,42,7,3,0,0,0,0,0,2,2,
2015-01-05,201522C500225,387940.0,267950.0,-2.178312,52.309528,22,3,2,2,2,06:35,277,E10000034,3,442,6,40,0,-1,-1,0,0,0,6,1,2,0,0,2,1,E01032401,2012130253004,2,1,1,1,44,7,3,0,0,0,0,0,1,2,Wychavon
2015-01-05,201550KU2E001,304689.0,114083.0,-3.357273,50.91831,50,3,2,1,2,08:05,586,E10000008,3,361,1,70,1,4,1,5,0,0,1,1,1,0,0,2,1,E01020045,2012370443112,2,2,1,2,18,4,3,0,0,0,0,0,9,3,Mid Devon
2015-01-05,201537EA86906,615086.0,240913.0,1.133671,52.024912,37,3,2,2,2,18:22,410,E10000029,3,14,3,70,0,-1,-1,0,0,0,6,1,1,0,0,2,1,E01029879,201220N025242,3,2,1,1,41,7,3,0,0,0,0,0,9,1,Babergh
2015-01-05,201537EA86919,620160.0,241218.0,1.207702,52.025661,37,3,2,1,2,05:08,412,E10000029,3,1189,7,30,1,4,3,14,0,0,4,1,4,0,0,2,1,E01033127,201220N025572,1,1,1,2,28,6,3,0,0,0,0,0,9,1,
2015-01-05,2015460252099,574322.0,168173.0,0.503843,51.385829,46,3,2,1,2,08:25,544,E06000035,6,0,6,30,3,4,6,0,0,0,1,1,2,0,0,1,1,E01016130,201232N170212,1,1,3,2,45,7,3,6,9,0,0,0,0,1,
2015-01-05,201523M065017,445673.0,281630.0,-1.329679,52.43075,23,3,3,1,2,10:53,292,E10000031,1,6,3,70,0,-1,-1,0,0,0,1,1,1,0,0,2,1,E01031160,2012130410877,1,2,2,1,21,5,3,0,0,1,0,0,9,-1,
2015-01-05,201522C500139,388480.0,257240.0,-2.170022,52.213254,22,3,2,1,2,16:55,276,E10000034,6,0,6,30,9,4,6,0,0,0,4,1,1,0,0,1,2,E01032335,2012130252779,1,1,3,1,9,2,2,5,3,0,0,0,0,1,Worcester
2015-01-05,201501KG70003,547250.0,185720.0,0.1224,51.55116,1,3,2,1,2,16:00,16,E09000002,3,124,6,30,3,4,6,0,0,0,4,1,1,0,0,1,2,E01000024,201201JC30520,1,1,1,2,51,8,3,0,0,0,0,0,9,1,London
2015-01-05,201514B001215,433062.0,399109.0,-1.503198,53.487662,14,3,4,2,2,14:25,210,E08000016,3,616,6,60,0,-1,-1,0,0,0,1,1,1,0,1,2,1,E01007421,2012070169736,2,1,1,2,48,8,3,0,0,0,0,0,9,1,
2015-01-05,201501ZD30011,532490.0,166860.0,-0.097414,51.38533,1,3,2,1,2,13:55,20,E09000008,3,212,6,30,3,4,6,0,0,1,1,1,1,0,0,1,2,E01001118,201201VK30155,2,1,1,1,25,5,3,0,0,0,0,0,1,1,London
2015-01-05,2015051500034,328334.0,382608.0,-3.077693,53.335504,5,3,2,1,2,13:40,95,E08000015,3,551,6,40,0,-1,-1,0,0,0,1,1,2,0,0,2,1,E01007188,201201ZD30639,2,3,2,2,57,9,3,0,0,0,4,0,11,1,
2015-01-05,201514B000315,432753.0,406015.0,-1.507135,53.549752,14,1,4,3,2,16:04,210,E08000016,3,6133,6,40,3,4,6,0,0,0,1,1,1,0,0,1,1,E01007444,2012070169694,1,3,2,1,68,10,3,0,0,2,0,0,9,1,
2015-01-05,201523M065025,444272.0,282033.0,-1.35023,52.434487,23,3,2,1,2,10:32,292,E10000031,1,6,3,70,0,-1,-1,0,0,0,1,1,1,0,0,2,1,E01031160,2012130410916,1,1,3,1,64,9,3,6,9,0,0,0,0,1,
2015-01-05,201563DP02015,298090.0,275380.0,-3.498168,52.366961,63,3,1,1,2,18:11,753,W06000023,4,4518,6,60,0,-1,-1,0,0,0,6,2,2,0,0,2,1,W01000477,201243N184022,1,1,2,2,67,10,3,0,0,1,0,0,9,1,
2015-01-05,201523N025018,452739.0,280862.0,-1.225884,52.423211,23,3,3,2,2,06:20,292,E10000031,3,5,6,50,0,-1,-1,0,0,0,7,1,1,0,0,2,1,E01032892,2012130417522,2,1,1,1,79,11,2,0,0,0,0,0,3,1,
2015-01-05,201537EA87156,617826.0,246115.0,1.176856,52.070541,37,3,2,1,2,15:29,412,E10000029,6,0,6,40,3,4,3,1214,0,4,1,2,2,0,0,1,1,E01030001,201220N028642,1,1,2,2,33,6,3,0,0,0,2,0,11,1,
2015-01-05,201543S020015,485902.0,235673.0,-0.749772,52.012847,43,3,2,1,2,08:33,479,E06000042,3,5,3,70,0,-1,-1,0,0,0,1,1,1,0,0,2,1,E01016739,201230B000631,1,1,1,1,90,11,3,0,0,0,0,0,9,-1,
2015-01-05,2015331500002,441802.0,294057.0,-1.385054,52.54277,33,3,2,1,2,07:50,361,E10000018,6,6116,6,30,3,4,6,6119,0,0,1,1,2,0,0,1,2,E01025867,2012160B04911,2,3,2,2,39,7,3,0,0,1,0,0,9,1,Hinckley and Bosworth
2015-01-05,2015331500005,441870.0,293495.0,-1.384122,52.537713,33,3,2,1,2,07:15,361,E10000018,4,4666,6,30,3,4,5,7708,0,0,4,1,2,0,0,1,1,E01025856,2012160B04921,2,2,2,1,64,9,2,0,0,1,0,0,9,2,Hinckley and Bosworth
2015-01-05,20154100C0055,508669.0,199338.0,-0.429572,51.6823,41,3,2,1,2,11:55,437,E10000015,3,411,6,40,8,4,-1,-1,0,8,1,2,2,0,0,1,1,E01023887,2012212000743,1,1,2,2,18,4,3,0,0,1,0,0,9,1,Watford
2015-01-05,201522D500097,383340.0,277130.0,-2.24624,52.391936,22,3,1,1,2,12:10,278,E10000034,6,0,6,30,9,4,3,451,0,0,1,1,2,0,0,1,2,E01032435,2012130294568,2,1,2,2,37,7,3,0,0,1,0,0,9,1,Wyre Forest
2015-01-05,201522D500114,372910.0,274550.0,-2.399294,52.368323,22,3,3,2,2,19:25,278,E10000034,3,4117,6,30,3,4,6,0,0,0,6,1,2,0,0,2,1,E01032473,2012130294725,2,1,1,1,23,5,2,0,0,0,0,0,8,1,Wyre Forest
2015-01-05,201543R011015,488331.0,179986.0,-0.728527,51.511906,43,3,2,1,2,17:00,474,E06000040,6,7408,6,30,3,4,6,7408,0,0,4,1,4,0,0,1,2,E01016592,2012233010312,1,1,3,2,83,11,3,5,3,0,0,0,0,3,
2015-01-05,201543R052015,488924.0,181181.0,-0.719683,51.522555,43,3,2,1,2,15:30,474,E06000040,6,7408,6,30,0,-1,-1,0,0,0,4,1,1,0,0,1,1,E01032734,2012233048512,2,1,1,2,35,6,3,0,0,0,0,0,9,3,
2015-01-05,2015051500033,347867.0,399847.0,-2.787253,53.492732,5,3,2,2,2,15:30,92,E08000013,3,570,3,60,0,-1,-1,0,0,0,4,1,2,0,0,2,1,E01006883,201201ZD30639,2,2,2,2,11,3,3,0,0,0,4,0,11,1,St Helens
2015-01-05,2015051500032,347779.0,392044.0,-2.78728,53.422593,5,3,2,1,2,16:50,90,E08000011,6,0,6,30,3,4,3,57,0,0,1,1,2,0,0,1,1,E01006499,201201ZD30639,2,1,1,1,39,7,3,0,0,0,0,0,11,1,Knowsley
2015-01-05,2015520500598,344348.0,147610.0,-2.798331,51.224955,52,3,2,1,2,12:19,607,E10000027,4,3139,6,40,8,4,6,0,0,0,1,1,1,0,0,2,1,E01029147,2012370459312,1,1,1,1,60,9,3,0,0,0,0,0,9,2,Sedgemoor
2015-01-05,2015051500031,334483.0,398079.0,-2.988586,53.475344,5,3,1,1,2,15:40,93,E08000014,6,0,1,30,1,4,6,0,0,0,1,1,2,6,0,1,1,E01006976,201201ZD30638,1,1,1,2,24,5,2,0,0,0,0,0,1,1,
2015-01-05,2015520500599,316164.0,121305.0,-3.195735,50.985021,52,3,2,1,2,16:49,608,E10000027,3,38,6,50,0,-1,-1,0,0,0,4,1,2,0,0,2,1,E01029269,2012370459412,1,1,1,1,39,7,3,0,0,0,0,0,9,2,Somerset West and Taunton
2015-01-05,2015051500028,349939.0,393468.0,-2.755007,53.435602,5,3,1,1,2,10:25,92,E08000013,6,0,6,30,9,4,6,0,0,8,1,1,2,0,0,1,1,E01006907,201201ZD30636,1,1,3,1,16,4,3,5,3,0,0,2,0,-1,St Helens
2015-01-05,201543W055015,473676.0,173413.0,-0.941035,51.454913,43,3,1,1,2,17:40,472,E06000038,3,4,6,30,3,4,6,7201,0,0,4,1,1,0,0,1,1,E01016406,201230C000774,1,1,3,1,13,3,2,5,1,0,0,0,0,1,
2015-01-05,201501XD80278,516450.0,180370.0,-0.323365,51.510268,1,3,4,1,2,19:37,27,E09000009,3,4020,6,30,0,-1,-1,0,0,0,4,2,2,0,0,1,1,E01001389,201201TA00765,1,1,3,1,-1,-1,2,5,1,0,0,2,0,-1,London
2015-01-05,201543R014015,496391.0,180100.0,-0.612385,51.511615,43,3,3,2,2,17:25,473,E06000039,3,355,3,30,0,-1,-1,0,0,5,4,1,1,0,0,1,1,E01016465,2012233012612,1,1,2,2,13,3,3,0,0,0,4,0,11,-1,
2015-01-05,201501KF60064,542250.0,184680.0,0.049916,51.543096,1,3,1,1,2,19:05,17,E09000025,3,117,6,30,6,4,6,0,0,1,4,1,1,0,0,1,1,E01003529,201201HT20750,2,3,2,2,20,4,3,0,0,1,0,0,9,1,London
2015-01-05,2015460251654,577414.0,166321.0,0.547308,51.368236,46,3,2,1,2,11:24,544,E06000035,6,0,6,30,0,-1,-1,0,0,0,1,1,2,0,0,1,1,E01016064,201232N112412,2,1,1,1,50,8,2,0,0,0,0,0,4,1,
2015-01-05,2015405GA0006,508183.0,228572.0,-0.42748,51.945137,40,3,1,3,2,14:18,424,E06000056,6,0,6,60,0,-1,-1,0,0,0,1,1,1,0,0,2,1,E01017559,201220Z001072,2,2,2,1,24,5,3,0,0,2,0,0,9,1,
2015-01-05,201522D500124,380780.0,272260.0,-2.283578,52.34807,22,1,1,1,2,10:27,278,E10000034,4,4195,6,30,0,-1,-1,0,0,0,1,1,2,0,0,1,1,E01032458,2012130294863,2,1,1,1,39,7,3,0,0,0,0,0,9,1,Wyre Forest
2015-01-05,201501TX20004,513160.0,175270.0,-0.372386,51.465098,1,3,1,1,2,20:15,25,E09000018,6,0,6,30,0,-1,-1,0,0,0,4,1,1,0,0,1,1,E01002648,201201RG40196,2,1,1,1,-1,-1,3,0,0,0,0,0,9,1,London
2015-01-05,2015051500025,337491.0,395049.0,-2.942669,53.448479,5,3,2,1,2,08:05,91,E08000012,5,0,3,40,6,2,3,580,0,4,1,1,2,0,0,1,1,E01006613,201201ZD30633,1,1,1,1,17,4,3,0,0,0,0,0,2,1,Liverpool
2015-01-05,2015051500027,337256.0,393063.0,-2.94581,53.430602,5,3,1,1,2,12:10,91,E08000012,6,0,6,20,0,-1,-1,0,0,0,1,1,1,0,0,1,1,E01006762,201201ZD30634,1,1,1,2,44,7,3,0,0,0,0,0,9,1,Liverpool